<?xml version="1.0" encoding="UTF-8"?>

<!--     
	Copyright (C) 2017 MuK IT GmbH
	
    This program is free software: you can redistribute it and/or modify
    it under the terms of the GNU Affero General Public License as
    published by the Free Software Foundation, either version 3 of the
    License, or (at your option) any later version.

    This program is distributed in the hope that it will be useful,
    but WITHOUT ANY WARRANTY; without even the implied warranty of
    MERCHANTABILITY or FITNESS FOR A PARTICULAR PURPOSE.  See the
    GNU Affero General Public License for more details.

    You should have received a copy of the GNU Affero General Public License
    along with this program.  If not, see <http://www.gnu.org/licenses/>. 
-->

<templates id="template" xml:space="preserve">

<t t-name="FieldDocument">
	<div t-if="widget.get('effective_readonly')" class="muk_form_document_read">
		<span class="muk_form_document_folder" />
		<span class="muk_form_document_separator">/</span>
		<a href="javascript:void(0)" class="o_form_uri muk_form_document_download"/>
		<div class="btn-group">
			<button type="button" 
				class="btn btn-sm btn-default fa fa-info muk_form_document_btn muk_form_document_info" 
				title="Info"/>
			<button type="button" 
				class="btn btn-sm btn-default fa fa-file-o muk_form_document_btn muk_form_document_preview" 
				title="Preview"/>
			<button type="button" 
				class="btn btn-sm btn-default fa fa-pencil muk_form_document_btn muk_form_document_checkout" 
				title="Donwload in Edit Mode (Checkout)"/>
			<button type="button" 
				class="btn btn-sm btn-default fa fa-external-link muk_form_document_btn muk_form_document_link" 
				title="Open File (Link)"/>
		</div>
	</div>
	<div t-if="!widget.get('effective_readonly')" class="muk_form_document_edit">
	    <div class="o_form_field_many2one o_with_button">
	        <div class="o_form_input_dropdown">
	            <input type="text" class="o_form_input muk_form_document_folder_selection"
	                t-att-tabindex="widget.node.attrs.tabindex"
	                t-att-autofocus="widget.node.attrs.autofocus" />
	            <span class="o_dropdown_button" draggable="false" />
	        </div>
	        <button type="button"
	        	class="btn btn-sm btn-default fa fa-search muk_form_document_btn muk_form_document_folder_search" 
	        	draggable="false" tabindex="-1" />
    	</div>
    	<div class="o_form_field_binary_file muk_form_document_binary_file">
	    	<input type="text" 
	    		class="o_form_input muk_form_document_file_filename"
	            t-att-tabindex="widget.node.attrs.tabindex"
	            t-att-autofocus="widget.node.attrs.autofocus"/>
	        <button type="button" 
	        	class="btn btn-sm btn-primary o_select_file_button muk_form_document_file_select" 
	        	title="Select">
	        	Upload your file
	        </button>
	        <button type="button" 
	        	class="btn btn-sm btn-default fa fa-pencil muk_form_document_btn muk_form_document_file_edit" 
	        	title="Select"/>
	        <button type="button" 
	        	class="btn btn-sm btn-default fa fa-trash-o muk_form_document_btn muk_form_document_file_clear" 
	        	title="Clear"/>
	        <span class="o_form_binary_progress">Uploading...</span>
	        <span class="muk_form_document_locked">Locked!</span>
	        <t t-call="HiddenInputFile">
	            <t t-set="fileupload_id" t-value="widget.fileupload_id"/>
	            <t t-set="fileupload_style" t-translation="off">overflow-x: hidden</t>
	        </t>
        </div>
	</div>
</t>

<t t-name="FolderSearchDialog">
    <div>
        <div class="o_modal_header">
			<div class="oe_searchview muk_dialog_document form-control input-sm">
			    <div class="oe_searchview_search muk_dialog_document_search fa fa-lg fa-search" title="Search" />
			    <div class="oe_searchview_facets muk_dialog_document_search_facets">
			        <input class="oe_searchview_input muk_dialog_document_search_input" />
			    </div>
			</div>	    
		</div>
        <div class="row">
            <div class="col-sm-12">
        		<div class="dir_tree"/>
        	</div>
        </div>
    </div>
</t>

<t t-name="DMSInfoDialog">
    <div class="row">
       	<div class="col-sm-3" align="center"> 
           	<div class="o_image" t-att-data-mimetype="file.mimetype" />
           </div>
           <div class=" col-sm-9"> 
           	<table class="table muk_document_table_file_information">
           		<tbody>
                     <tr>
                       <td>Filename:</td>
                       <td><t t-esc="file.name"/></td>
                     </tr>
                     <tr>
                       <td>Create:</td>
                       <td><t t-esc="file.create_date"/></td>
                     </tr>
                     <tr>
                       <td>Write:</td>
                       <td><t t-esc="file.write_date"/></td>
                     </tr>
                     <tr>
                       <td>Size:</td>
                       <td> <t t-esc="file.size"/></td>
                     </tr>
                     <tr>
                       <td>Type:</td>
                       <td><t t-esc="file.mimetype"/></td>
                     </tr>
                     <tr>
                       <td>Path:</td>
                       <td><t t-esc="file.path"/></td>
                     </tr>
                  </tbody>
           	</table>
       	</div>
   	</div>
</t>

</templates>