<?xml version="1.0" encoding="UTF-8"?>

<!--     
	Copyright (C) 2017 MuK IT GmbH
	
    This program is free software: you can redistribute it and/or modify
    it under the terms of the GNU Affero General Public License as
    published by the Free Software Foundation, either version 3 of the
    License, or (at your option) any later version.

    This program is distributed in the hope that it will be useful,
    but WITHOUT ANY WARRANTY; without even the implied warranty of
    MERCHANTABILITY or FITNESS FOR A PARTICULAR PURPOSE.  See the
    GNU Affero General Public License for more details.

    You should have received a copy of the GNU Affero General Public License
    along with this program.  If not, see <http://www.gnu.org/licenses/>. 
-->

<templates>
	<div t-name="VectorHTMLContent" class="o_preview_vector">
		<div class='loader vector-loader'>
			<div class='loader--dot'></div>
			<div class='loader--dot'></div>
			<div class='loader--dot'></div>
			<div class='loader--dot'></div>
			<div class='loader--dot'></div>
			<div class='loader--dot'></div>
			<div class='loader--text'></div>
		</div>
		<div class='vector-container'>
			<div class="vector-controls">
				<div class="btn-group">
					<button class="btn zoom-plus">
						<i class="fa fa-plus-circle"></i>
					</button>
					<button class="btn zoom-minus">
						<i class="fa fa-minus-circle"></i>
					</button>
					<button class="btn zoom-reset">
						<i class="fa fa-refresh"></i>
					</button>
				</div>
			</div>
			<div class='vector-content'>
			</div>
		</div>
	</div>
</templates>